State,Place,Date,Time,Infected,Total_Infected
Kerela,Thrissur,03-02-2020,Morning,1,1
Kerela,Alappuzha,03-02-2020,Morning,1,2
Kerela,Kasargod,03-02-2020,Morning,1,3
Delhi,Delhi,02-03-2020,Morning,1,4
Telangana,Hyderabad,02-03-2020,Morning,1,5
Rajasthan,Jaipur,03-03-2020,Morning,2,7
Haryana,Foreign,04-03-2020,Morning,14,21
Uttar Pradesh,Agra,04-03-2020,Morning,6,27
Delhi,Gurugram,05-03-2020,Morning,1,28
Delhi,Ghaziabad,06-03-2020,Morning,1,29
Delhi,Delhi,06-03-2020,Morning,1,30
Ladakh,Ladakh,07-03-2020,Morning,2,32
Tamil Nadu,Chennai,07-03-2020,Morning,1,33
Kerela,Pathnamthitta,08-03-2020,Morning,5,38
Kerela,Ernakulum,09-03-2020,Morning,1,39
Uttar Pradesh,Agra,09-03-2020,Morning,3,42
Jammu And Kashmir,Jammu,09-03-2020,Morning,1,43
Punjab,Hoshiyarpur,09-03-2020,Evening,1,44
Karnataka,Bengaluru,09-03-2020,Evening,1,45
Karnataka,Bengaluru,10-03-2020,Evening,3,48
Maharashtra,Pune,10-03-2020,Evening,2,50
Kerela,Pathanamthitta,10-03-2020,Evening,6,56
Maharashtra,Pune,11-03-2020,Morning,3,59
Kerela,Ernakulum,11-03-2020,Morning,2,61
Rajasthan,Jaipur,11-03-2020,Evening,1,62
Delhi,Delhi,11-03-2020,Evening,1,63
Delhi,Delhi,12-03-2020,Evening,1,64
Uttar Pradesh, ,12-03-2020,Evening,2,66
Ladakh,Ladakh,12-03-2020,Evening,1,67
Maharashtra, ,12-03-2020,Evening,6,73
Andhra Pradesh, ,12-03-2020,Evening,1,74
Karnataka, ,13-03-2020,Evening,2,76
Maharashtra,Mumbai,13-03-2020,Evening,3,79
Kerela, ,13-03-2020,Evening,2,81
Delhi,Delhi,13-03-2020,Evening,1,82
Jammu And Kashmir, ,15-03-2020,Evening,1,83
Kerela, ,15-03-2020,Evening,3,86
Rajasthan, ,15-03-2020,Evening,1,87
Telangana, ,15-03-2020,Evening,2,89
Maharashtra, ,15-03-2020,Evening,17,106
Uttar Pradesh, ,15-03-2020,Evening,1,107
Kerela, ,16-03-2020,Evening,1,108
Maharashtra, ,16-03-2020,Evening,1,109
Odisha, ,16-03-2020,Evening,1,110
Uttarakhand, ,16-03-2020,Evening,1,111
Ladakh,1,16-03-2020,Evening,1,112
Jammu And Kashmir, ,16-03-2020,Evening,1,113
Uttar Pradesh, ,16-03-2020,Evening,1,114
West Bengal, ,18-03-2020,Evening,1,115
Ladakh, ,18-03-2020,Evening,4,119
Telangana, ,18-03-2020,Evening,3,122
Delhi, ,18-03-2020,Evening,3,125
Maharashtra, ,18-03-2020,Evening,10,135
Pondicherry, ,18-03-2020,Evening,1,136
Haryana, ,18-03-2020,Evening,3,139
Karnataka, ,18-03-2020,Evening,5,144
Kerela,,18-03-2020,Evening,4,148
Uttar Pradesh, ,18-03-2020,Evening,3,151
Andhra Pradesh, ,19-03-2020,Evening,1,152
Chhattisgarh, ,19-03-2020,Evening,1,153
Delhi, ,19-03-2020,Evening,5,158
Karnataka, ,19-03-2020,Evening,4,162
Kerela, ,19-03-2020,Evening,3,165
Maharashtra, ,19-03-2020,Evening,5,170
Punjab, ,19-03-2020,Evening,1,171
Rajasthan, ,19-03-2020,Evening,6,177
Tamil Nadu, ,19-03-2020,Evening,2,179
Telangana, ,19-03-2020,Evening,1,180
Chandigarh,Chandigarh,19-03-2020,Evening,1,181
Jammu And Kashmir,,19-03-2020,Evening,1,182
Uttar Pradesh, ,19-03-2020,Evening,12,194
Delhi,,19-03-2020,Evening,1,195
Maharashtra, ,19-03-2020,Evening,1,196
Punjab, ,19-03-2020,Evening,1,197
Andhra Pradesh, ,20-03-2020,Evening,1,198
Delhi, ,20-03-2020,Evening,7,205
Gujarat, ,20-03-2020,Evening,5,210
Karnataka, ,20-03-2020,Evening,2,212
Kerela, ,20-03-2020,Evening,1,213
Maharashtra, ,20-03-2020,Evening,5,218
Odisha, ,20-03-2020,Evening,1,219
Rajasthan, ,20-03-2020,Evening,10,229
Tamil Nadu, ,20-03-2020,Evening,1,230
Telangana, ,20-03-2020,Evening,11,241
Ladakh, ,20-03-2020,Evening,2,243
Uttar Pradesh, ,20-03-2020,Evening,4,247
Uttarakhand, ,20-03-2020,Evening,2,249
West Bengal, ,20-03-2020,Evening,1,250
Delhi, ,21-03-2020,Evening,9,259
Gujarat, ,21-03-2020,Evening,2,261
Himachal Pradesh, ,21-03-2020,Evening,2,263
Kerela, ,21-03-2020,Evening,12,275
Madhya Pradesh, ,21-03-2020,Evening,4,279
Maharashtra, ,21-03-2020,Evening,11,290
Punjab, ,21-03-2020,Evening,11,301
Telangana, ,21-03-2020,Evening,4,305
Ladakh, ,21-03-2020,Evening,3,308
Uttar Pradesh, ,21-03-2020,Evening,1,309
West Bengal, ,21-03-2020,Evening,1,310
Andhra Pradesh, ,22-03-2020,Evening,2,312
Bihar, ,22-03-2020,Evening,3,315
Delhi, ,22-03-2020,Evening,3,318
Gujarat, ,22-03-2020,Evening,12,330
Haryana, ,22-03-2020,Evening,4,334
Karnataka, ,22-03-2020,Evening,12,346
Kerela, ,22-03-2020,Evening,12,358
Maharashtra, ,22-03-2020,Evening,5,363
Punjab, ,22-03-2020,Evening,8,371
Rajasthan, ,22-03-2020,Evening,7,378
Tamil Nadu, ,22-03-2020,Evening,4,382
Telangana, ,22-03-2020,Evening,1,383
Chandigarh, ,22-03-2020,Evening,4,387
Uttar Pradesh, ,22-03-2020,Evening,3,390
West Bengal, ,22-03-2020,Evening,1,391
Andhra Pradesh, ,23-03-2020,Evening,2,393
Haryana, ,23-03-2020,Evening,16,409
Himachal Pradesh, ,23-03-2020,Evening,2,411
Maharashtra, ,23-03-2020,Evening,7,418
Rajasthan, ,23-03-2020,Evening,4,422
Tamil Nadu, ,23-03-2020,Evening,2,424
Telangana, ,23-03-2020,Evening,10,434
Chandigarh, ,23-03-2020,Evening,1,435
Uttar Pradesh, ,23-03-2020,Evening,4,439
West Bengal, ,23-03-2020,Evening,4,443
Gujarat, ,23-03-2020,Evening,11,454
Karnataka, ,23-03-2020,Evening,7,461
Kerela, ,23-03-2020,Evening,15,476
Madhya Pradesh, ,23-03-2020,Evening,2,478
Andhra Pradesh, ,24-03-2020,Evening,1,479
Bihar, ,24-03-2020,Evening,1,480
Delhi, ,24-03-2020,Evening,3,483
Gujarat, ,24-03-2020,Evening,4,487
Haryana, ,24-03-2020,Evening,2,489
Karnataka, ,24-03-2020,Evening,5,494
Kerela, ,24-03-2020,Evening,29,523
Madhya Pradesh, ,24-03-2020,Evening,1,524
Maharashtra, ,24-03-2020,Evening,15,539
Manipur, ,24-03-2020,Evening,1,540
Punjab, ,24-03-2020,Evening,8,548
Rajasthan, ,24-03-2020,Evening,4,552
Tamil Nadu, ,24-03-2020,Evening,6,558
Telangana, ,24-03-2020,Evening,3,561
Chandigarh, ,24-03-2020,Evening,1,562
Uttar Pradesh, ,24-03-2020,Evening,4,566
Uttarakhand, ,24-03-2020,Evening,1,567
West Bengal, ,24-03-2020,Evening,2,569
Andhra Pradesh, ,25-03-2020,Evening,2,571
Bihar, ,25-03-2020,Evening,1,572
Gujarat, ,25-03-2020,Evening,5,577
Karnataka, ,25-03-2020,Evening,4,581
Kerela, ,25-03-2020,Evening,14,595
Madhya Pradesh, ,25-03-2020,Evening,7,602
Maharashtra, ,25-03-2020,Evening,41,643
Mizoram, ,25-03-2020,Evening,1,644
Rajasthan, ,25-03-2020,Evening,4,648
Tamil Nadu, ,25-03-2020,Evening,3,651
Jammu And Kashmir, ,25-03-2020,Evening,4,655
Uttar Pradesh, ,25-03-2020,Evening,4,659
Andaman And Nicobar, ,26-03-2020,Evening,1,660
Andhra Pradesh, ,26-03-2020,Evening,2,662
Bihar, ,26-03-2020,Evening,2,664
Delhi, ,26-03-2020,Evening,4,668
Goa, ,26-03-2020,Evening,3,671
Gujarat, ,26-03-2020,Evening,7,678
Haryana, ,26-03-2020,Evening,2,680
Jammu And Kashmir, ,26-03-2020,Evening,7,687
Karnataka, ,26-03-2020,Evening,15,702
Kerela, ,26-03-2020,Evening,11,713
Madhya Pradesh, ,26-03-2020,Evening,7,720
Maharashtra, ,26-03-2020,Evening,-4,716
Punjab, ,26-03-2020,Evening,4,720
Rajasthan, ,26-03-2020,Evening,5,725
Tamil Nadu, ,26-03-2020,Evening,9,734
Telangana, ,26-03-2020,Evening,9,743
Uttarakhand, ,26-03-2020,Evening,1,744
West Bengal, ,26-03-2020,Evening,1,745
Uttar Pradesh, ,26-03-2020,Evening,4,749
Chhattisgarh, ,26-03-2020,Evening,5,754
Delhi, ,26-03-2020,Evening,1,755
Andhra Pradesh, ,27-03-2020,Evening,1,756
Kerela, ,27-03-2020,Evening,20,776
Ladakh, ,27-03-2020,Morning,3,779
Maharashtra, ,27-03-2020,Morning,21,800
Tamil Nadu, ,27-03-2020,Morning,3,803
Telangana, ,27-03-2020,Morning,1,804
Kerela, ,27-03-2020,Morning,4,808
Andaman And Nicobar, ,28-03-2020,Evening,5,814
Bihar, ,28-03-2020,Evening,2,816
Chandigarh, ,28-03-2020,Evening,1,817
Kerela, ,28-03-2020,Evening,34,851
Maharashtra, ,28-03-2020,Evening,18,869
Karnataka, ,28-03-2020,Evening,14,883
Telangana, ,28-03-2020,Evening,19,902
Uttar Pradesh, ,28-03-2020,Evening,3,905
Gujarat, ,28-03-2020,Evening,8,913
Rajasthan, ,28-03-2020,Evening,10,923
Tamil Nadu, ,28-03-2020,Evening,11,934
Delhi, ,28-03-2020,Evening,-3,931
Punjab, ,28-03-2020,Evening,4,935
Haryana, ,28-03-2020,Evening,-8,927
Madhya Pradesh, ,28-03-2020,Evening,12,939
Jammu And Kashmir, ,28-03-2020,Evening,12,951
West Bengal, ,28-03-2020,Evening,4,955
Andhra Pradesh, ,28-03-2020,Evening,0,955
Ladakh, ,28-03-2020,Evening,-3,952
Chhattisgarh, ,28-03-2020,Evening,1,953
Uttarakhand, ,28-03-2020,Evening,1,954
Himachal Pradesh, ,28-03-2020,Evening,-1,952
Odisha, ,28-03-2020,Evening,1,953
Maharashtra, ,29-03-2020,Evening,36,989
Kerela, ,29-03-2020,Evening,20,1009
Karnataka, ,29-03-2020,Evening,9,1018
Delhi, ,29-03-2020,Evening,32,1050
Uttar Pradesh, ,29-03-2020,Evening,17,1084
Telangana, ,29-03-2020,Evening,5,1089
Gujarat, ,29-03-2020,Evening,9,1098
Rajasthan, ,29-03-2020,Evening,5,1103
Tamil Nadu, ,29-03-2020,Evening,8,1111
Madhya Pradesh, ,29-03-2020,Evening,6,1117
Jammu And Kashmir, ,29-03-2020,Evening,11,1128
Haryana, ,29-03-2020,Evening,2,1130
West Bengal, ,29-03-2020,Evening,5,1135
Andhra Pradesh, ,29-03-2020,Evening,6,1141
Bihar, ,29-03-2020,Evening,6,1147
Andaman And Nicobar, ,29-03-2020,Evening,3,1150
Uttarakhand, ,29-03-2020,Evening,1,1151
Goa, ,29-03-2020,Evening,2,1153
Kerela, ,30-03-2020,Evening,32,1185
Maharashtra, ,30-03-2020,Evening,17,1202
Delhi, ,30-03-2020,Evening,25,1227
Uttar Pradesh, ,30-03-2020,Evening,24,1251
Karnataka, ,30-03-2020,Evening,8,1259
Telangana, ,30-03-2020,Evening,7,1266
Gujarat, ,30-03-2020,Evening,7,1273
Rajasthan, ,30-03-2020,Evening,10,1283
Tamil Nadu, ,30-03-2020,Evening,17,1300
Jammu And Kashmir, ,30-03-2020,Evening,11,1311
Madhya Pradesh, ,30-03-2020,Evening,8,1319
Punjab, ,30-03-2020,Evening,3,1322
Haryana, ,30-03-2020,Evening,1,1323
Andhra Pradesh, ,30-03-2020,Evening,4,1327
West Bengal, ,30-03-2020,Evening,2,1329
Chandigarh, ,30-03-2020,Evening,5,1334
Andaman And Nicobar, ,30-03-2020,Evening,1,1335
Maharashtra, ,31-03-2020,Evening,68,1403
Maharashtra, ,31-03-2020,Evening,14,1417
Kerela, ,31-03-2020,Evening,7,1424
Tamil Nadu, ,31-03-2020,Evening,57,1481
Delhi, ,31-03-2020,Evening,23,1504
Karnataka, ,31-03-2020,Evening,10,1514
Uttar Pradesh, ,31-03-2020,Evening,5,1519
Rajasthan, ,31-03-2020,Evening,14,1533
Rajasthan, ,31-03-2020,Evening,10,1543
Telangana, ,31-03-2020,Evening,15,1558
Gujarat, ,31-03-2020,Evening,4,1562
Madhya Pradesh, ,31-03-2020,Evening,19,1581
Jammu And Kashmir, ,31-03-2020,Evening,6,1587
Andhra Pradesh, ,31-03-2020,Evening,21,1608
Haryana, ,31-03-2020,Evening,7,1615
West Bengal, ,31-03-2020,Evening,5,1620
Bihar, ,31-03-2020,Evening,6,1626
Chandigarh, ,31-03-2020,Evening,2,1628
Chhattisgarh, ,31-03-2020,Evening,2,1630
Odisha, ,31-03-2020,Evening,1,1631
Assam, ,31-03-2020,Evening,1,1632
Jharkhand, ,31-03-2020,Evening,1,1633
Maharashtra, ,01-04-2020,Evening,23,1656
Delhi, ,01-04-2020,Evening,1,1657
Maharashtra, ,01-04-2020,Evening,10,1667
Kerela, ,01-04-2020,Evening,24,1691
Tamil Nadu, ,01-04-2020,Evening,110,1801
Delhi, ,01-04-2020,Evening,31,1832
Rajasthan, ,01-04-2020,Evening,27,1859
Uttar Pradesh, ,01-04-2020,Evening,15,1874
Andhra Pradesh, ,01-04-2020,Evening,67,1941
Karnataka, ,01-04-2020,Evening,9,1950
Telangana, ,01-04-2020,Evening,5,1955
Gujarat, ,01-04-2020,Evening,13,1968
Madhya Pradesh, ,01-04-2020,Evening,20,1988
Jammu And Kashmir, ,01-04-2020,Evening,7,1995
Punjab, ,01-04-2020,Evening,5,2000
West Bengal, ,01-04-2020,Evening,10,2010
Bihar, ,01-04-2020,Evening,3,2013
Assam, ,01-04-2020,Evening,12,2025
Pondicherry, ,01-04-2020,Evening,2,2027
Maharashtra, ,02-04-2020,Evening,81,2108
Tamil Nadu, ,02-04-2020,Evening,75,2183
Delhi, ,02-04-2020,Evening,141,2324
Kerela, ,02-04-2020,Evening,21,2345
Andhra Pradesh, ,02-04-2020,Evening,32,2377
Rajasthan, ,02-04-2020,Evening,13,2390
Telangana, ,02-04-2020,Evening,30,2420
Karnataka, ,02-04-2020,Evening,11,2431
Uttar Pradesh, ,02-04-2020,Evening,4,2435
Uttar Pradesh, ,02-04-2020,Evening,1,2436
Madhya Pradesh, ,02-04-2020,Evening,14,2450
Jammu And Kashmir, ,02-04-2020,Evening,8,2458
West Bengal, ,02-04-2020,Evening,16,2474
Haryana, ,02-04-2020,Evening,6,2480
Punjab, ,02-04-2020,Evening,1,2481
Chandigarh, ,02-04-2020,Evening,3,2484
Jharkhand, ,02-04-2020,Evening,1,2485
Manipur, ,02-04-2020,Evening,1,2486
Arunachal Pradesh, ,02-04-2020,Evening,1,2487
Assam, ,02-04-2020,Evening,3,2490
Odisha, ,02-04-2020,Evening,1,2491
Maharashtra, ,03-04-2020,Evening,7,2498
Tamil Nadu, ,03-04-2020,Evening,102,2600
Delhi, ,03-04-2020,Evening,91,2691
Kerela, ,03-04-2020,Evening,9,2700
Uttar Pradesh, ,03-04-2020,Evening,44,2744
Uttar Pradesh, ,03-04-2020,Evening,7,2751
Rajasthan, ,03-04-2020,Evening,33,2784
Andhra Pradesh, ,03-04-2020,Evening,12,2796
Andhra Pradesh, ,03-04-2020,Evening,6,2802
Telangana, ,03-04-2020,Evening,27,2829
Madhya Pradesh, ,03-04-2020,Evening,22,2851
Madhya Pradesh, ,03-04-2020,Evening,7,2858
Karnataka, ,03-04-2020,Evening,7,2865
Gujarat, ,03-04-2020,Evening,8,2873
Jammu And Kashmir, ,03-04-2020,Evening,5,2878
Haryana, ,03-04-2020,Evening,8,2886
West Bengal, ,03-04-2020,Evening,0,2886
Punjab, ,03-04-2020,Evening,4,2890
Bihar, ,03-04-2020,Evening,5,2895
Assam, ,03-04-2020,Evening,4,2899
Odisha, ,03-04-2020,Evening,4,2903
Goa, ,03-04-2020,Evening,1,2904
Uttarakhand, ,03-04-2020,Evening,3,2907
Himachal Pradesh, ,03-04-2020,Evening,3,2910
Pondicherry, ,03-04-2020,Evening,2,2912
Maharashtra, ,04-04-2020,Evening,114,3026
Tamil Nadu, ,04-04-2020,Evening,74,3100
Delhi, ,04-04-2020,Evening,49,3149
Delhi, ,04-04-2020,Evening,12,3161
Kerela, ,04-04-2020,Evening,11,3172
Telangana, ,04-04-2020,Evening,74,3246
Telangana, ,04-04-2020,Evening,1,3247
Uttar Pradesh, ,04-04-2020,Evening,55,3302
Rajasthan, ,04-04-2020,Evening,34,3336
Andhra Pradesh, ,04-04-2020,Evening,29,3365
Karnataka, ,04-04-2020,Evening,16,3381
Gujarat, ,04-04-2020,Evening,10,3391
Jammu And Kashmir, ,04-04-2020,Evening,17,3408
Haryana, ,04-04-2020,Evening,26,3434
Haryana, ,04-04-2020,Evening,1,3435
Punjab, ,04-04-2020,Evening,12,3447
Punjab, ,04-04-2020,Evening,2,3449
West Bengal, ,04-04-2020,Evening,0,3449
Bihar, ,04-04-2020,Evening,2,3451
Assam, ,04-04-2020,Evening,5,3456
Uttarakhand, ,04-04-2020,Evening,12,3468
Odisha, ,04-04-2020,Evening,11,3479
Ladakh, ,04-04-2020,Evening,1,3480
Chhattisgarh, ,04-04-2020,Evening,1,3481
Goa, ,04-04-2020,Evening,1,3482
Madhya Pradesh, ,04-04-2020,Evening,25,3507
Andhra Pradesh, ,05-04-2020,Evening,36,3543
Andaman And Nicobar, ,05-04-2020,Evening,0,3543
Assam, ,05-04-2020,Evening,1,3544
Bihar, ,05-04-2020,Evening,-1,3543
Chhattisgarh, ,05-04-2020,Evening,0,3543
Delhi, ,05-04-2020,Evening,58,3601
Gujarat, ,05-04-2020,Evening,17,3618
Haryana, ,05-04-2020,Evening,0,3618
Himachal Pradesh, ,05-04-2020,Evening,7,3625
Jammu And Kashmir, ,05-04-2020,Evening,14,3639
Jharkhand, ,05-04-2020,Evening,1,3640
Karnataka, ,05-04-2020,Evening,7,3647
Kerela, ,05-04-2020,Evening,8,3655
Ladakh, ,05-04-2020,Evening,0,3655
Madhya Pradesh, ,05-04-2020,Evening,11,3666
Maharashtra, ,05-04-2020,Evening,153,3819
Odisha, ,05-04-2020,Evening,1,3820
Punjab, ,05-04-2020,Evening,3,3823
Rajasthan, ,05-04-2020,Evening,53,3876
Tamil Nadu, ,05-04-2020,Evening,86,3962
Telangana, ,05-04-2020,Evening,92,4054
Uttarakhand, ,05-04-2020,Evening,4,4058
Uttar Pradesh, ,05-04-2020,Evening,0,4058
West Bengal, ,05-04-2020,Evening,27,4085
Maharashtra, ,06-04-2020,Evening,178,4263
Tamil Nadu, ,06-04-2020,Evening,50,4313
Delhi, ,06-04-2020,Evening,22,4335
Telangana, ,06-04-2020,Evening,43,4378
Kerela, ,06-04-2020,Evening,13,4391
Uttar Pradesh, ,06-04-2020,Evening,78,4469
Andhra Pradesh, ,06-04-2020,Evening,77,4546
Rajasthan, ,06-04-2020,Evening,48,4594
Madhya Pradesh, ,06-04-2020,Evening,91,4685
Karnataka, ,06-04-2020,Evening,12,4697
Gujarat, ,06-04-2020,Evening,24,4721
Haryana, ,06-04-2020,Evening,26,4747
Jammu And Kashmir, ,06-04-2020,Evening,3,4750
West Bengal, ,06-04-2020,Evening,0,4750
Punjab, ,06-04-2020,Evening,11,4761
Odisha, ,06-04-2020,Evening,19,4780
Bihar, ,06-04-2020,Evening,2,4782
Uttarakhand, ,06-04-2020,Evening,5,4787
Assam, ,06-04-2020,Evening,0,4787
Himachal Pradesh, ,06-04-2020,Evening,5,4792
Jharkhand, ,06-04-2020,Evening,1,4793
Tripura, ,06-04-2020,Evening,1,4794
Dadra And Nagar Haveli, ,06-04-2020,Evening,1,4795
Maharashtra, ,07-04-2020,Evening,150,4945
Tamil Nadu, ,07-04-2020,Evening,69,5014
Delhi, ,07-04-2020,Evening,51,5065
Telangana, ,07-04-2020,Evening,40,5105
Rajasthan, ,07-04-2020,Evening,42,5147
Kerela, ,07-04-2020,Evening,9,5156
Uttar Pradesh, ,07-04-2020,Evening,27,5183
Andhra Pradesh, ,07-04-2020,Evening,11,5194
Madhya Pradesh, ,07-04-2020,Evening,34,5228
Gujarat, ,07-04-2020,Evening,29,5257
Karnataka, ,07-04-2020,Evening,12,5269
Haryana, ,07-04-2020,Evening,33,5302
Jammu And Kashmir, ,07-04-2020,Evening,16,5318
Punjab, ,07-04-2020,Evening,20,5338
West Bengal, ,07-04-2020,Evening,11,5349
Punjab, ,07-04-2020,Evening,0,5349
West Bengal, ,07-04-2020,Evening,0,5349
Odisha, ,07-04-2020,Evening,2,5351
Bihar, ,07-04-2020,Evening,2,5353
Uttarakhand, ,07-04-2020,Evening,0,5353
Assam, ,07-04-2020,Evening,1,5354
Chandigarh, ,07-04-2020,Evening,0,5354
Himachal Pradesh, ,07-04-2020,Evening,0,5354
Maharashtra, ,08-04-2020,Evening,117,5471
Tamil Nadu, ,08-04-2020,Evening,48,5519
Delhi, ,08-04-2020,Evening,93,5612
Telangana, ,08-04-2020,Evening,49,5661
Rajasthan, ,08-04-2020,Evening,40,5701
Uttar Pradesh, ,08-04-2020,Evening,29,5730
Andhra Pradesh, ,08-04-2020,Evening,34,5764
Kerela, ,08-04-2020,Evening,9,5773
Madhya Pradesh, ,08-04-2020,Evening,51,5824
Gujarat, ,08-04-2020,Evening,11,5835
Karnataka, ,08-04-2020,Evening,6,5841
Haryana, ,08-04-2020,Evening,24,5865
Jammu And Kashmir, ,08-04-2020,Evening,33,5898
Punjab, ,08-04-2020,Evening,7,5905
West Bengal, ,08-04-2020,Evening,8,5913
Odisha, ,08-04-2020,Evening,0,5913
Bihar, ,08-04-2020,Evening,5,5918
Uttarakhand, ,08-04-2020,Evening,4,5922
Assam, ,08-04-2020,Evening,1,5923
Himachal Pradesh, ,08-04-2020,Evening,9,5932
Chandigarh, ,08-04-2020,Evening,0,5932
Andaman And Nicobar, ,08-04-2020,Evening,1,5933
Maharashtra, ,09-04-2020,Evening,229,6162
Tamil Nadu, ,09-04-2020,Evening,96,6258
Delhi, ,09-04-2020,Evening,51,6309
Telangana, ,09-04-2020,Evening,18,6327
Rajasthan, ,09-04-2020,Evening,80,6407
Madhya Pradesh, ,09-04-2020,Evening,70,6477
Uttar Pradesh, ,09-04-2020,Evening,49,6526
Andhra Pradesh, ,09-04-2020,Evening,15,6541
Kerela, ,09-04-2020,Evening,12,6553
Gujarat, ,09-04-2020,Evening,76,6629
Karnataka, ,09-04-2020,Evening,16,6645
Jammu And Kashmir, ,09-04-2020,Evening,26,6671
Haryana, ,09-04-2020,Evening,3,6674
Punjab, ,09-04-2020,Evening,24,6698
West Bengal, ,09-04-2020,Evening,4,6702
Bihar, ,09-04-2020,Evening,19,6721
Odisha, ,09-04-2020,Evening,2,6723
Uttarakhand, ,09-04-2020,Evening,0,6723
Assam, ,09-04-2020,Evening,1,6724
Himachal Pradesh, ,09-04-2020,Evening,1,6725
Chhattisgarh, ,09-04-2020,Evening,8,6733
Jharkhand, ,09-04-2020,Evening,9,6742
Maharashtra, ,10-04-2020,Evening,210,6952
Tamil Nadu, ,10-04-2020,Evening,77,7029
Delhi, ,10-04-2020,Evening,183,7212
Rajasthan, ,10-04-2020,Evening,99,7311
Telangana, ,10-04-2020,Evening,16,7327
Madhya Pradesh, ,10-04-2020,Evening,40,7367
Uttar Pradesh, ,10-04-2020,Evening,23,7390
Andhra Pradesh, ,10-04-2020,Evening,18,7408
Gujarat, ,10-04-2020,Evening,116,7524
Kerela, ,10-04-2020,Evening,7,7531
Jammu And Kashmir, ,10-04-2020,Evening,23,7554
Karnataka, ,10-04-2020,Evening,10,7564
Haryana, ,10-04-2020,Evening,6,7570
Punjab, ,10-04-2020,Evening,21,7591
West Bengal, ,10-04-2020,Evening,13,7604
Bihar, ,10-04-2020,Evening,2,7606
Odisha, ,10-04-2020,Evening,4,7610
Chandigarh, ,10-04-2020,Evening,1,7611
Ladakh, ,10-04-2020,Evening,1,7612
Jharkhand, ,10-04-2020,Evening,1,7613
Pondicherry, ,10-04-2020,Evening,2,7615
Tripura, ,10-04-2020,Evening,1,7616
Maharashtra, ,11-04-2020,Evening,187,7803
Delhi, ,11-04-2020,Evening,166,7969
Tamil Nadu, ,11-04-2020,Evening,58,8027
Rajasthan, ,11-04-2020,Evening,116,8143
Telangana, ,11-04-2020,Evening,0,8143
Gujarat, ,11-04-2020,Evening,90,8233
Uttar Pradesh, ,11-04-2020,Evening,19,8252
Madhya Pradesh, ,11-04-2020,Evening,0,8252
Andhra Pradesh, ,11-04-2020,Evening,24,8276
Kerela, ,11-04-2020,Evening,9,8285
Jammu And Kashmir, ,11-04-2020,Evening,17,8302
Karnataka, ,11-04-2020,Evening,8,8310
Haryana, ,11-04-2020,Evening,3,8313
Punjab, ,11-04-2020,Evening,7,8320
West Bengal, ,11-04-2020,Evening,10,8330
Bihar, ,11-04-2020,Evening,1,8331
Odisha, ,11-04-2020,Evening,2,8333
Himachal Pradesh, ,11-04-2020,Evening,4,8337
Jharkhand, ,11-04-2020,Evening,3,8340
Maharashtra, ,12-04-2020,Evening,221,8561
Delhi, ,12-04-2020,Evening,85,8646
Tamil Nadu, ,12-04-2020,Evening,106,8752
Rajasthan, ,12-04-2020,Evening,126,8878
Madhya Pradesh, ,12-04-2020,Evening,111,8989
Telangana, ,12-04-2020,Evening,44,9033
Gujarat, ,12-04-2020,Evening,48,9081
Uttar Pradesh, ,12-04-2020,Evening,31,9112
Andhra Pradesh, ,12-04-2020,Evening,15,9127
Kerela, ,12-04-2020,Evening,2,9129
Jammu And Kashmir, ,12-04-2020,Evening,21,9150
Karnataka, ,12-04-2020,Evening,17,9167
Haryana, ,12-04-2020,Evening,16,9183
Punjab, ,12-04-2020,Evening,12,9195
West Bengal, ,12-04-2020,Evening,8,9203
Bihar, ,12-04-2020,Evening,3,9206
Odisha, ,12-04-2020,Evening,4,9210
Chhattisgarh, ,12-04-2020,Evening,7,9217
Chandigarh, ,12-04-2020,Evening,2,9219
Jharkhand, ,12-04-2020,Evening,2,9221
Maharashtra, ,14-04-2020,Evening,702,9923
Delhi, ,14-04-2020,Evening,407,10330
Tamil Nadu, ,14-04-2020,Evening,129,10459
Rajasthan, ,14-04-2020,Evening,201,10660
Madhya Pradesh, ,14-04-2020,Evening,179,10839
Uttar Pradesh, ,14-04-2020,Evening,177,11016
Gujarat, ,14-04-2020,Evening,134,11150
Telangana, ,14-04-2020,Evening,113,11263
Andhra Pradesh, ,14-04-2020,Evening,53,11316
Kerela, ,14-04-2020,Evening,11,11327
Jammu And Kashmir, ,14-04-2020,Evening,33,11360
Karnataka, ,14-04-2020,Evening,28,11388
Haryana, ,14-04-2020,Evening,3,11391
West Bengal, ,14-04-2020,Evening,56,11447
Punjab, ,14-04-2020,Evening,14,11461
Bihar, ,14-04-2020,Evening,2,11463
Odisha, ,14-04-2020,Evening,6,11469
Uttarakhand, ,14-04-2020,Evening,2,11471
Chhattisgarh, ,14-04-2020,Evening,8,11479
Assam, ,14-04-2020,Evening,3,11482
Himachal Pradesh, ,14-04-2020,Evening,0,11482
Jharkhand, ,14-04-2020,Evening,8,11490
Ladakh, ,14-04-2020,Evening,2,11492
Meghalaya, ,14-04-2020,Evening,1,11493
Nagaland, ,14-04-2020,Evening,1,11494
Maharashtra, ,15-04-2020,Evening,232,11726
Delhi, ,15-04-2020,Evening,0,11726
Tamil Nadu, ,15-04-2020,Evening,38,11764
Rajasthan, ,15-04-2020,Evening,41,11805
Uttar Pradesh, ,15-04-2020,Evening,75,11880
Gujarat, ,15-04-2020,Evening,45,11925
Telangana, ,15-04-2020,Evening,0,11925
Andhra Pradesh, ,15-04-2020,Evening,29,11954
Kerela, ,15-04-2020,Evening,1,11955
Jammu And Kashmir, ,15-04-2020,Evening,22,11977
Karnataka, ,15-04-2020,Evening,19,11996
West Bengal, ,15-04-2020,Evening,23,12019
Haryana, ,15-04-2020,Evening,6,12025
Punjab, ,15-04-2020,Evening,2,12027
Bihar, ,15-04-2020,Evening,4,12031
Himachal Pradesh, ,15-04-2020,Evening,1,12032
Meghalaya, ,15-04-2020,Evening,6,12038
Maharashtra, ,15-04-2020,Evening,0,12038
Delhi, ,15-04-2020,Evening,17,12055
Tamil Nadu, ,15-04-2020,Evening,0,12055
Rajasthan, ,15-04-2020,Evening,0,12055
Madhya Pradesh, ,15-04-2020,Evening,197,12252
Gujarat, ,15-04-2020,Evening,71,12323
Uttar Pradesh, ,15-04-2020,Evening,0,12323
Telangana, ,15-04-2020,Evening,6,12329
Andhra Pradesh, ,15-04-2020,Evening,23,12352
Kerela, ,15-04-2020,Evening,0,12352
Bihar, ,15-04-2020,Evening,2,12354
Himachal Pradesh, ,15-04-2020,Evening,2,12356
Jharkhand, ,15-04-2020,Evening,1,12357
Maharashtra, ,16-04-2020,Evening,286,12643
Delhi, ,16-04-2020,Evening,62,12705
Tamil Nadu, ,16-04-2020,Evening,25,12730
Madhya Pradesh, ,16-04-2020,Evening,226,12956
Rajasthan, ,16-04-2020,Evening,85,13041
Gujarat, ,16-04-2020,Evening,163,13204
Uttar Pradesh, ,16-04-2020,Evening,70,13274
Telangana, ,16-04-2020,Evening,50,13324
Andhra Pradesh, ,16-04-2020,Evening,9,13333
Kerela, ,16-04-2020,Evening,7,13340
Karnataka, ,16-04-2020,Evening,36,13376
Jammu And Kashmir, ,16-04-2020,Evening,14,13390
West Bengal, ,16-04-2020,Evening,18,13408
Haryana, ,16-04-2020,Evening,11,13419
Punjab, ,16-04-2020,Evening,11,13430
Bihar, ,16-04-2020,Evening,8,13438
Odisha, ,16-04-2020,Evening,20,13458
Uttarakhand, ,16-04-2020,Evening,0,13458
Jharkhand, ,16-04-2020,Evening,1,13459
Ladakh, ,16-04-2020,Evening,1,13460
Odisha, ,16-04-2020,Evening,-20,13440
Assam, ,16-04-2020,Evening,2,13442
Delhi, ,17-04-2020,Evening,67,13509
Maharashtra, ,17-04-2020,Evening,118,13627
Tamil Nadu, ,17-04-2020,Evening,56,13683
Madhya Pradesh, ,17-04-2020,Evening,146,13829
Rajasthan, ,17-04-2020,Evening,98,13927
Gujarat, ,17-04-2020,Evening,170,14097
Uttar Pradesh, ,17-04-2020,Evening,44,14141
Telangana, ,17-04-2020,Evening,66,14207
Andhra Pradesh, ,17-04-2020,Evening,38,14245
Kerela, ,17-04-2020,Evening,1,14246
Karnataka, ,17-04-2020,Evening,44,14290
Jammu And Kashmir, ,17-04-2020,Evening,14,14304
West Bengal, ,17-04-2020,Evening,24,14328
Haryana, ,17-04-2020,Evening,8,14336
Punjab, ,17-04-2020,Evening,14,14350
Bihar, ,17-04-2020,Evening,3,14353
Uttarakhand, ,17-04-2020,Evening,3,14356
Chhattisgarh, ,17-04-2020,Evening,3,14359
Himachal Pradesh, ,17-04-2020,Evening,0,14359
Jharkhand, ,17-04-2020,Evening,3,14362
Chandigarh, ,17-04-2020,Evening,0,14362
Andaman And Nicobar, ,17-04-2020,Evening,1,14363
Meghalaya, ,17-04-2020,Evening,2,14365
Maharashtra, ,18-04-2020,Evening,328,14693
Delhi, ,18-04-2020,Evening,186,14879
Madhya Pradesh, ,18-04-2020,Evening,92,14971
Gujarat, ,18-04-2020,Evening,277,15248
Tamil Nadu, ,18-04-2020,Evening,49,15297
Rajasthan, ,18-04-2020,Evening,122,15419
Uttar Pradesh, ,18-04-2020,Evening,125,15544
Telangana, ,18-04-2020,Evening,43,15587
Andhra Pradesh, ,18-04-2020,Evening,31,15618
Kerela, ,18-04-2020,Evening,4,15622
Karnataka, ,18-04-2020,Evening,25,15647
Jammu And Kashmir, ,18-04-2020,Evening,13,15660
West Bengal, ,18-04-2020,Evening,32,15692
Punjab,,18-04-2020,Evening,23,15715
Haryana, ,18-04-2020,Evening,9,15724
Bihar, ,18-04-2020,Evening,3,15727
Odisha, ,18-04-2020,Evening,1,15728
Uttarakhand, ,18-04-2020,Evening,2,15730
Himachal Pradesh, ,18-04-2020,Evening,4,15734
Chhattisgarh, ,18-04-2020,Evening,0,15734
Assam, ,18-04-2020,Evening,0,15734
Jharkhand, ,18-04-2020,Evening,0,15734
Chandigarh, ,18-04-2020,Evening,2,15736
Ladakh, ,18-04-2020,Evening,0,15736
Andaman And Nicobar, ,18-04-2020,Evening,2,15738
Meghalaya, ,18-04-2020,Evening,2,15740
Maharashtra, ,19-04-2020,Evening,552,16292
Delhi, ,19-04-2020,Evening,0,16292
Gujarat, ,19-04-2020,Evening,367,16659
Tamil Nadu, ,19-04-2020,Evening,105,16764
Rajasthan, ,19-04-2020,Evening,80,16844
Madhya Pradesh, ,19-04-2020,Evening,5,16849
Uttar Pradesh, ,19-04-2020,Evening,125,16974
Telangana, ,19-04-2020,Evening,49,17023
Andhra Pradesh, ,19-04-2020,Evening,44,17067
Kerela, ,19-04-2020,Evening,2,17069
Karnataka, ,19-04-2020,Evening,6,17075
Jammu And Kashmir, ,19-04-2020,Evening,9,17084
West Bengal, ,19-04-2020,Evening,23,17107
Haryana, ,19-04-2020,Evening,18,17125
Punjab, ,19-04-2020,Evening,10,17135
Bihar, ,19-04-2020,Evening,7,17142
Odisha, ,19-04-2020,Evening,0,17142
Jharkhand, ,19-04-2020,Evening,9,17151
Chandigarh, ,19-04-2020,Evening,3,17154
Andaman And Nicobar, ,19-04-2020,Evening,1,17155
Maharashtra, ,20-04-2020,Evening,466,17621
Delhi, ,20-04-2020,Evening,110,17731
Gujarat, ,20-04-2020,Evening,251,17982
Rajasthan, ,20-04-2020,Evening,104,18086
Tamil Nadu, ,20-04-2020,Evening,43,18129
Madhya Pradesh, ,20-04-2020,Evening,78,18207
Uttar Pradesh, ,20-04-2020,Evening,85,18292
Telangana, ,20-04-2020,Evening,14,18306
Andhra Pradesh, ,20-04-2020,Evening,75,18381
Karnataka, ,20-04-2020,Evening,18,18399
Kerela, ,20-04-2020,Evening,6,18405
Jammu And Kashmir, ,20-04-2020,Evening,18,18423
West Bengal, ,20-04-2020,Evening,29,18452
Haryana, ,20-04-2020,Evening,1,18453
Punjab, ,20-04-2020,Evening,1,18454
Bihar, ,20-04-2020,Evening,4,18458
Odisha, ,20-04-2020,Evening,13,18471
Uttarakhand, ,20-04-2020,Evening,2,18473
Jharkhand, ,20-04-2020,Evening,1,18474
Himachal Pradesh, ,20-04-2020,Evening,0,18474
Assam, ,20-04-2020,Evening,1,18475
Andaman And Nicobar, ,20-04-2020,Evening,1,18476
Maharashtra, ,21-04-2020,Evening,552,19028
Gujarat, ,21-04-2020,Evening,184,19212
Delhi, ,21-04-2020,Evening,153,19365
Rajasthan, ,21-04-2020,Evening,124,19489
Tamil Nadu, ,21-04-2020,Evening,76,19565
Madhya Pradesh, ,21-04-2020,Evening,67,19632
Uttar Pradesh, ,21-04-2020,Evening,153,19785
Telangana, ,21-04-2020,Evening,56,19841
Andhra Pradesh, ,21-04-2020,Evening,35,19876
Kerela, ,21-04-2020,Evening,19,19895
Karnataka, ,21-04-2020,Evening,10,19905
West Bengal, ,21-04-2020,Evening,53,19958
Jammu And Kashmir, ,21-04-2020,Evening,12,19970
Haryana, ,21-04-2020,Evening,4,19974
Punjab, ,21-04-2020,Evening,6,19980
Bihar, ,21-04-2020,Evening,29,20009
Odisha, ,21-04-2020,Evening,5,20014
Uttarakhand, ,21-04-2020,Evening,2,20016
Jharkhand, ,21-04-2020,Evening,4,20020
Chandigarh, ,21-04-2020,Evening,1,20021
Andaman And Nicobar, ,21-04-2020,Evening,1,20022
Meghalaya, ,21-04-2020,Evening,1,20023
Maharashtra, ,22-04-2020,Evening,431,20454
Gujarat,,22-04-2020,Evening,229,20683
Delhi,,22-04-2020,Evening,92,20775
Rajasthan,,22-04-2020,Evening,209,20984
Tamil Nadu,,22-04-2020,Evening,33,21017
Madhya Pradesh,,22-04-2020,Evening,35,21052
Uttar Pradesh,,22-04-2020,Evening,112,21164
Telangana,,22-04-2020,Evening,15,21179
Andhra Pradesh,,22-04-2020,Evening,56,21235
Kerela,,22-04-2020,Evening,11,21246
Karnataka,,22-04-2020,Evening,9,21255
West Bengal,,22-04-2020,Evening,31,21286
Jammu And Kashmir,,22-04-2020,Evening,27,21313
Punjab,,22-04-2020,Evening,27,21340
Haryana,,22-04-2020,Evening,9,21349
Bihar,,22-04-2020,Evening,15,21364
Odisha,,22-04-2020,Evening,5,21369
Odisha, ,22-04-2020,Evening,-1,21368
Andaman And Nicobar,,22-04-2020,Evening,1,21369
Maharashtra, ,23-04-2020,Evening,778,22147
Gujarat, ,23-04-2020,Evening,217,22364
Delhi, ,23-04-2020,Evening,128,22492
Rajasthan, ,23-04-2020,Evening,96,22588
Madhya Pradesh, ,23-04-2020,Evening,100,22688
Tamil Nadu, ,23-04-2020,Evening,54,22742
Uttar Pradesh, ,23-04-2020,Evening,61,22803
Telangana, ,23-04-2020,Evening,27,22830
Andhra Pradesh, ,23-04-2020,Evening,80,22910
West Bengal, ,23-04-2020,Evening,33,22943
Kerela, ,23-04-2020,Evening,10,22953
Karnataka, ,23-04-2020,Evening,18,22971
Jammu And Kashmir, ,23-04-2020,Evening,27,22998
Punjab, ,23-04-2020,Evening,5,23003
Haryana, ,23-04-2020,Evening,6,23009
Bihar, ,23-04-2020,Evening,19,23028
Odisha, ,23-04-2020,Evening,6,23034
Jharkhand, ,23-04-2020,Evening,7,23041
Uttarakhand, ,23-04-2020,Evening,1,23042
Himachal Pradesh, ,23-04-2020,Evening,1,23043
Assam, ,23-04-2020,Evening,1,23044
Chhattisgarh, ,23-04-2020,Evening,0,23044
Chandigarh, ,23-04-2020,Evening,0,23044
Andaman And Nicobar, ,23-04-2020,Evening,4,23048
Maharashtra, ,24-04-2020,Evening,390,23438
Gujarat, ,24-04-2020,Evening,191,23629
Delhi, ,24-04-2020,Evening,138,23767
Rajasthan, ,24-04-2020,Evening,95,23862
Madhya Pradesh, ,24-04-2020,Evening,159,24021
Tamil Nadu, ,24-04-2020,Evening,72,24093
Uttar Pradesh, ,24-04-2020,Evening,111,24204
Telangana, ,24-04-2020,Evening,13,24217
Andhra Pradesh, ,24-04-2020,Evening,62,24279
West Bengal, ,24-04-2020,Evening,115,24394
Karnataka, ,24-04-2020,Evening,29,24423
Jammu And Kashmir, ,24-04-2020,Evening,20,24443
Kerela, ,24-04-2020,Evening,3,24446
Punjab, ,24-04-2020,Evening,15,24461
Haryana, ,24-04-2020,Evening,5,24466
Bihar, ,24-04-2020,Evening,65,24531
Odisha, ,24-04-2020,Evening,5,24536
Jharkhand, ,24-04-2020,Evening,6,24542
Uttarakhand, ,24-04-2020,Evening,1,24543
Chhattisgarh, ,24-04-2020,Evening,1,24544
Andaman And Nicobar, ,24-04-2020,Evening,7,24551
Maharashtra, ,25-04-2020,Morning,811,25362
Gujarat, ,25-04-2020,Morning,256,25618
Delhi, ,25-04-2020,Morning,111,25729
Rajasthan, ,25-04-2020,Morning,24,25753
Madhya Pradesh, ,25-04-2020,Morning,99,25852
Tamil Nadu, ,25-04-2020,Morning,66,25918
Uttar Pradesh, ,25-04-2020,Morning,172,26090
Andhra Pradesh, ,25-04-2020,Morning,61,26151
Telangana, ,25-04-2020,Morning,7,26158
West Bengal, ,25-04-2020,Morning,0,26158
Karnataka, ,25-04-2020,Morning,26,26184
Jammu And Kashmir, ,25-04-2020,Morning,40,26224
Kerela, ,25-04-2020,Morning,8,26232
Punjab, ,25-04-2020,Morning,10,26242
Haryana, ,25-04-2020,Morning,12,26254
Bihar, ,25-04-2020,Morning,26,26280
Odisha, ,25-04-2020,Morning,6,26286
Jharkhand, ,25-04-2020,Morning,8,26294
Uttarakhand, ,25-04-2020,Evening,0,26294
Andaman And Nicobar, ,25-04-2020,Evening,4,26298
Chandigarh, ,25-04-2020,Evening,1,26299
Ladakh, ,25-04-2020,Evening,2,26301
Meghalaya, ,25-04-2020,Evening,0,26301
Pondicherry, ,25-04-2020,Evening,1,26302
Maharashtra, ,26-04-2020,Evening,440,26742
Gujarat, ,26-04-2020,Evening,230,26972
Rajasthan, ,26-04-2020,Evening,102,27074
Delhi, ,26-04-2020,Evening,293,27367
Madhya Pradesh, ,26-04-2020,Evening,145,27512
Tamil Nadu, ,26-04-2020,Evening,64,27576
Uttar Pradesh, ,26-04-2020,Evening,80,27656
Andhra Pradesh, ,26-04-2020,Evening,81,27737
Telangana, ,26-04-2020,Evening,11,27748
West Bengal, ,26-04-2020,Evening,40,27788
Jammu And Kashmir, ,26-04-2020,Evening,29,27817
Karnataka, ,26-04-2020,Evening,3,27820
Kerela, ,26-04-2020,Evening,11,27831
Punjab, ,26-04-2020,Evening,14,27845
Haryana, ,26-04-2020,Evening,9,27854
Bihar, ,26-04-2020,Evening,23,27877
Odisha, ,26-04-2020,Evening,3,27880
Jharkhand, ,26-04-2020,Evening,15,27895
Uttarakhand, ,26-04-2020,Evening,2,27897
Himachal Pradesh, ,26-04-2020,Evening,0,27897
Chandigarh, ,26-04-2020,Evening,8,27905
Maharashtra, ,27-04-2020,Evening,522,28427
Gujarat, ,27-04-2020,Evening,247,28674
Delhi, ,27-04-2020,Evening,190,28864
Rajasthan, ,27-04-2020,Evening,77,28941
Madhya Pradesh, ,27-04-2020,Evening,75,29016
Uttar Pradesh, ,27-04-2020,Evening,113,29129
Tamil Nadu, ,27-04-2020,Evening,52,29181
Andhra Pradesh,,27-04-2020,Evening,80,29261
Telangana, ,27-04-2020,Evening,2,29263
West Bengal, ,27-04-2020,Evening,38,29301
Jammu And Kashmir, ,27-04-2020,Evening,23,29324
Karnataka, ,27-04-2020,Evening,9,29333
Kerela, ,27-04-2020,Evening,13,29346
Bihar, ,27-04-2020,Evening,71,29417
Punjab, ,27-04-2020,Evening,8,29425
Haryana, ,27-04-2020,Evening,5,29430
Odisha, ,27-04-2020,Evening,8,29438
Jharkhand, ,27-04-2020,Evening,21,29459
Uttarakhand, ,27-04-2020,Evening,1,29460
Chandigarh, ,27-04-2020,Evening,9,29469
Maharashtra, ,28-04-2020,Evening,0,29469
Gujarat, ,28-04-2020,Evening,226,29695
Delhi, ,28-04-2020,Evening,206,29901
Rajasthan, ,28-04-2020,Evening,102,30003
Tamil Nadu, ,28-04-2020,Evening,121,30124
Uttar Pradesh, ,28-04-2020,Evening,67,30191
Andhra Pradesh, ,28-04-2020,Evening,82,30273
Telangana, ,28-04-2020,Evening,6,30279
West Bengal, ,28-04-2020,Evening,48,30327
Jammu And Kashmir, ,28-04-2020,Evening,19,30346
Karnataka, ,28-04-2020,Evening,11,30357
Kerela, ,28-04-2020,Evening,4,30361
Bihar, ,28-04-2020,Evening,21,30382
Punjab, ,28-04-2020,Evening,12,30394
Haryana, ,28-04-2020,Evening,7,30401
Odisha, ,28-04-2020,Evening,7,30408
Jharkhand, ,28-04-2020,Evening,2,30410
Chandigarh, ,28-04-2020,Evening,11,30421
Uttarakhand, ,28-04-2020,Evening,3,30424
Himachal Pradesh, ,28-04-2020,Evening,0,30424
Ladakh, ,28-04-2020,Evening,2,30426
Maharashtra, ,29-04-2020,Evening,1325,31751
Gujarat, ,29-04-2020,Evening,308,32059
Delhi, ,29-04-2020,Evening,0,32059
Madhya Pradesh, ,29-04-2020,Evening,395,32454
Rajasthan, ,29-04-2020,Evening,74,32528
Tamil Nadu, ,29-04-2020,Evening,104,32632
Uttar Pradesh, ,29-04-2020,Evening,81,32713
Andhra Pradesh, ,29-04-2020,Evening,73,32786
Telangana, ,29-04-2020,Evening,7,32793
West Bengal, ,29-04-2020,Evening,28,32821
Jammu And Kashmir, ,29-04-2020,Evening,16,32837
Karnataka, ,29-04-2020,Evening,11,32848
Kerela, ,29-04-2020,Evening,10,32858
Bihar, ,29-04-2020,Evening,37,32895
Punjab, ,29-04-2020,Evening,33,32928
Haryana, ,29-04-2020,Evening,3,32931
Odisha, ,29-04-2020,Evening,7,32938
Jharkhand, ,29-04-2020,Evening,2,32940
Chandigarh, ,29-04-2020,Evening,12,32952
Uttarakhand, ,29-04-2020,Evening,0,32952
Himachal Pradesh, ,29-04-2020,Evening,0,32952
Assam, ,29-04-2020,Evening,2,32954
Chhattisgarh, ,29-04-2020,Evening,1,32955
Andaman And Nicobar, ,29-04-2020,Evening,0,32955
Maharashtra,,30-04-2020,Evening,583,33538
Gujarat, ,30-04-2020,Evening,313,33851
Delhi,,30-04-2020,Evening,125,33976
Madhya Pradesh, ,30-04-2020,Evening,65,34041
Rajasthan, ,30-04-2020,Evening,144,34185
Tamil Nadu, ,30-04-2020,Evening,161,34346
Uttar Pradesh, ,30-04-2020,Evening,77,34423
Andhra Pradesh,,30-04-2020,Evening,71,34494
Telangana, ,30-04-2020,Evening,22,34516
West Bengal, ,30-04-2020,Evening,33,34549
Jammu And Kashmir, ,30-04-2020,Evening,33,34582
Karnataka, ,30-04-2020,Evening,31,34613
Kerela,,30-04-2020,Evening,2,34615
Punjab, ,30-04-2020,Evening,105,34720
Bihar, ,30-04-2020,Evening,19,34739
Haryana, ,30-04-2020,Evening,28,34767
Odisha, ,30-04-2020,Evening,17,34784
Jharkhand, ,30-04-2020,Evening,0,34784
Chandigarh, ,30-04-2020,Evening,6,34790
Uttarakhand, ,30-04-2020,Evening,3,34793
Assam, ,30-04-2020,Evening,4,34797
Chhattisgarh, ,30-04-2020,Evening,2,34799
Himachal Pradesh, ,30-04-2020,Evening,0,34799
Maharashtra, ,01-05-2020,Evening,1008,35807
Gujarat, ,01-05-2020,Evening,326,36133
Delhi, ,01-05-2020,Evening,299,36432
Madhya Pradesh, ,01-05-2020,Evening,90,36522
Rajasthan, ,01-05-2020,Evening,84,36606
Tamil Nadu, ,01-05-2020,Evening,203,36809
Uttar Pradesh, ,01-05-2020,Evening,117,36926
Andhra Pradesh, ,01-05-2020,Evening,60,36986
Telangana, ,01-05-2020,Evening,6,36992
West Bengal, ,01-05-2020,Evening,37,37029
Jammu And Kashmir, ,01-05-2020,Evening,25,37054
Karnataka, ,01-05-2020,Evening,24,37078
Punjab, ,01-05-2020,Evening,105,37183
Kerela, ,01-05-2020,Evening,0,37183
Bihar, ,01-05-2020,Evening,44,37227
Haryana, ,01-05-2020,Evening,18,37245
Odisha, ,01-05-2020,Evening,7,37252
Jharkhand, ,01-05-2020,Evening,6,37258
Chandigarh, ,01-05-2020,Evening,14,37272
Assam, ,01-05-2020,Evening,1,37273
Chhattisgarh, ,01-05-2020,Evening,3,37276
Maharashtra, ,02-05-2020,Evening,790,38066
Gujarat, ,02-05-2020,Evening,333,38399
Delhi, ,02-05-2020,Evening,0,38399
Madhya Pradesh, ,02-05-2020,Evening,73,38472
Rajasthan, ,02-05-2020,Evening,106,38578
Uttar Pradesh, ,02-05-2020,Evening,159,38737
Andhra Pradesh, ,02-05-2020,Evening,62,38799
Telangana, ,02-05-2020,Evening,17,38816
Punjab, ,02-05-2020,Evening,187,39003
Jammu And Kashmir, ,02-05-2020,Evening,27,39030
Karnataka, ,02-05-2020,Evening,12,39042
Kerela, ,02-05-2020,Evening,2,39044
Bihar, ,02-05-2020,Evening,15,39059
Haryana, ,02-05-2020,Evening,19,39078
Odisha, ,02-05-2020,Evening,8,39086
Jharkhand, ,02-05-2020,Evening,2,39088
Chandigarh, ,02-05-2020,Evening,6,39094
Uttarakhand, ,02-05-2020,Evening,2,39096
Ladakh, ,02-05-2020,Evening,1,39097
Tripura, ,02-05-2020,Evening,2,39099
Tamil Nadu, ,02-05-2020,Evening,231,39330
Maharashtra, ,03-05-2020,Evening,678,40008
Gujarat, ,03-05-2020,Evening,374,40382
Delhi, ,03-05-2020,Evening,811,41193
Tamil Nadu, ,03-05-2020,Evening,266,41459
Rajasthan, ,03-05-2020,Evening,114,41573
Madhya Pradesh, ,03-05-2020,Evening,49,41622
Uttar Pradesh, ,03-05-2020,Evening,158,41780
Andhra Pradesh, ,03-05-2020,Evening,58,41838
Punjab, ,03-05-2020,Evening,330,42168
Telangana, ,03-05-2020,Evening,21,42189
West Bengal, ,03-05-2020,Evening,127,42316
Jammu And Kashmir, ,03-05-2020,Evening,35,42351
Karnataka, ,03-05-2020,Evening,13,42364
Bihar, ,03-05-2020,Evening,36,42400
Kerela, ,03-05-2020,Evening,0,42400
Haryana, ,03-05-2020,Evening,66,42466
Odisha, ,03-05-2020,Evening,5,42471
Jharkhand, ,03-05-2020,Evening,0,42471
Chandigarh,,03-05-2020,Evening,3,42474
Uttarakhand, ,03-05-2020,Evening,1,42475
Chhattisgarh, ,03-05-2020,Evening,14,42489
Assam, ,03-05-2020,Evening,0,42489
Ladakh, ,03-05-2020,Evening,19,42508
Tripura, ,03-05-2020,Evening,12,42520
Pondicherry, ,03-05-2020,Evening,4,42524
Gujarat, ,04-05-2020,Evening,376,42900
Tamil Nadu, ,04-05-2020,Evening,527,43427
Rajasthan, ,04-05-2020,Evening,130,43557
Madhya Pradesh, ,04-05-2020,Evening,105,43662
Uttar Pradesh, ,04-05-2020,Evening,121,43783
Andhra Pradesh, ,04-05-2020,Evening,67,43850
West Bengal, ,04-05-2020,Evening,337,44187
Punjab, ,04-05-2020,Evening,130,44317
Telangana, ,04-05-2020,Evening,3,44320
Jammu And Kashmir, ,04-05-2020,Evening,25,44345
Karnataka, ,04-05-2020,Evening,37,44382
Bihar, ,04-05-2020,Evening,11,44393
Haryana, ,04-05-2020,Evening,75,44468
Odisha, ,04-05-2020,Evening,7,44475
Chandigarh, ,04-05-2020,Evening,5,44480
Chhattisgarh, ,04-05-2020,Evening,1,44481
Himachal Pradesh, ,04-05-2020,Evening,1,44482
Maharashtra, ,05-05-2020,Evening,1567,46049
Gujarat, ,05-05-2020,Evening,441,46490
Delhi, ,05-05-2020,Evening,555,47045
Tamil Nadu, ,05-05-2020,Evening,508,47553
Rajasthan, ,05-05-2020,Evening,142,47695
Madhya Pradesh, ,05-05-2020,Evening,107,47802
Uttar Pradesh, ,05-05-2020,Evening,114,47916
Andhra Pradesh, ,05-05-2020,Evening,67,47983
Punjab, ,05-05-2020,Evening,219,48202
West Bengal, ,05-05-2020,Evening,85,48287
Telangana, ,05-05-2020,Evening,0,48287
Jammu And Kashmir, ,05-05-2020,Evening,15,48302
Karnataka, ,05-05-2020,Evening,22,48324
Haryana, ,05-05-2020,Evening,31,48355
Bihar, ,05-05-2020,Evening,7,48362
Kerela, ,05-05-2020,Evening,3,48365
Odisha, ,05-05-2020,Evening,7,48372
Jharkhand, ,05-05-2020,Evening,4,48376
Chandigarh, ,05-05-2020,Evening,13,48389
Uttarakhand, ,05-05-2020,Evening,1,48390
Chhattisgarh, ,05-05-2020,Evening,0,48390
Assam, ,05-05-2020,Evening,1,48391
Ladakh, ,05-05-2020,Evening,0,48391
Tripura, ,05-05-2020,Evening,13,48404
Pondicherry, ,05-05-2020,Evening,-3,48401
Maharashtra, ,06-05-2020,Evening,2217,50618
Gujarat, ,06-05-2020,Evening,380,50998
Delhi, ,06-05-2020,Evening,0,50998
Tamil Nadu, ,06-05-2020,Evening,771,51769
Rajasthan, ,06-05-2020,Evening,159,51928
Madhya Pradesh, ,06-05-2020,Evening,89,52017
Uttar Pradesh, ,06-05-2020,Evening,118,52135
Andhra Pradesh, ,06-05-2020,Evening,60,52195
Punjab, ,06-05-2020,Evening,75,52270
West Bengal, ,06-05-2020,Evening,112,52382
Telangana, ,06-05-2020,Evening,22,52404
Jammu And Kashmir, ,06-05-2020,Evening,34,52438
Karnataka, ,06-05-2020,Evening,20,52458
Haryana, ,06-05-2020,Evening,46,52504
Bihar, ,06-05-2020,Evening,7,52511
Kerela, ,06-05-2020,Evening,0,52511
Odisha, ,06-05-2020,Evening,9,52520
Jharkhand, ,06-05-2020,Evening,8,52528
Chandigarh, ,06-05-2020,Evening,9,52537
Tripura, ,06-05-2020,Evening,35,52572
Uttarakhand, ,06-05-2020,Evening,0,52572
Chhattisgarh, ,06-05-2020,Evening,1,52573
Assam, ,06-05-2020,Evening,2,52575
Himachal Pradesh, ,06-05-2020,Evening,2,52577
Maharashtra, ,07-05-2020,Evening,1216,53793
Gujarat, ,07-05-2020,Evening,388,54181
Delhi, ,07-05-2020,Evening,876,55057
Tamil Nadu, ,07-05-2020,Evening,580,55637
Rajasthan, ,07-05-2020,Evening,110,55747
Madhya Pradesh, ,07-05-2020,Evening,114,55861
Uttar Pradesh, ,07-05-2020,Evening,73,55934
Andhra Pradesh, ,07-05-2020,Evening,56,55990
Punjab, ,07-05-2020,Evening,118,56108
West Bengal, ,07-05-2020,Evening,92,56200
Telangana, ,07-05-2020,Evening,15,56215
Jammu And Kashmir, ,07-05-2020,Evening,18,56233
Karnataka, ,07-05-2020,Evening,12,56245
Haryana, ,07-05-2020,Evening,31,56276
Bihar, ,07-05-2020,Evening,8,56284
Kerela,,07-05-2020,Evening,0,56284
Odisha, ,07-05-2020,Evening,34,56318
Chandigarh, ,07-05-2020,Evening,11,56329
Jharkhand, ,07-05-2020,Evening,5,56334
Tripura, ,07-05-2020,Evening,24,56358
Uttarakhand, ,07-05-2020,Evening,0,56358
Chhattisgarh, ,07-05-2020,Evening,0,56358
Assam, ,07-05-2020,Evening,8,56366
Himachal Pradesh, ,07-05-2020,Evening,3,56369
Andhra Pradesh, ,08-05-2020,Evening,54,56423
Assam, ,08-05-2020,Evening,5,56428
Bihar, ,08-05-2020,Evening,21,56449
Chandigarh, ,08-05-2020,Evening,15,56464
Delhi, ,08-05-2020,Evening,338,56802
Gujarat, ,08-05-2020,Evening,389,57191
Haryana, ,08-05-2020,Evening,22,57213
Himachal Pradesh, ,08-05-2020,Evening,4,57217
Jammu And Kashmir, ,08-05-2020,Evening,30,57247
Jharkhand, ,08-05-2020,Evening,0,57247
Karnataka, ,08-05-2020,Evening,48,57295
Kerela, ,08-05-2020,Evening,0,57295
Madhya Pradesh, ,08-05-2020,Evening,89,57384
Maharashtra, ,08-05-2020,Evening,1089,58473
Odisha, ,08-05-2020,Evening,52,58525
Punjab, ,08-05-2020,Evening,87,58612
Rajasthan, ,08-05-2020,Evening,152,58764
Tamil Nadu, ,08-05-2020,Evening,600,59364
Telangana, ,08-05-2020,Evening,11,59375
Tripura, ,08-05-2020,Evening,30,59405
Uttarakhand,,08-05-2020,Evening,2,59407
Uttar Pradesh, ,08-05-2020,Evening,143,59550
West Bengal, ,08-05-2020,Evening,130,59680
Maharashtra, ,09-05-2020,Evening,1165,60845
Gujarat, ,09-05-2020,Evening,395,61240
Delhi, ,09-05-2020,Evening,224,61464
Tamil Nadu, ,09-05-2020,Evening,526,61990
Rajasthan, ,09-05-2020,Evening,162,62152
Madhya Pradesh, ,09-05-2020,Evening,116,62268
Uttar Pradesh, ,09-05-2020,Evening,159,62427
Andhra Pradesh, ,09-05-2020,Evening,43,62470
West Bengal, ,09-05-2020,Evening,108,62578
Punjab, ,09-05-2020,Evening,31,62609
Telangana, ,09-05-2020,Evening,30,62639
Jammu And Kashmir, ,09-05-2020,Evening,13,62652
Karnataka, ,09-05-2020,Evening,41,62693
Haryana, ,09-05-2020,Evening,28,62721
Bihar, ,09-05-2020,Evening,58,62779
Kerela, ,09-05-2020,Evening,3,62782
Odisha, ,09-05-2020,Evening,81,62863
Chandigarh, ,09-05-2020,Evening,19,62882
Jharkhand, ,09-05-2020,Evening,24,62906
Tripura, ,09-05-2020,Evening,17,62923
Uttarakhand, ,09-05-2020,Evening,4,62927
Assam, ,09-05-2020,Evening,3,62930
Himachal Pradesh, ,09-05-2020,Evening,2,62932
Meghalaya, ,09-05-2020,Evening,1,62933
Pondicherry, ,09-05-2020,Evening,1,62934
Maharashtra, ,10-05-2020,Evening,1943,64877
Gujarat, ,10-05-2020,Evening,398,65275
Delhi, ,10-05-2020,Evening,691,65966
Tamil Nadu, ,10-05-2020,Evening,669,66635
Rajasthan, ,10-05-2020,Evening,157,66792
Madhya Pradesh, ,10-05-2020,Evening,157,66949
Uttar Pradesh, ,10-05-2020,Evening,94,67043
Andhra Pradesh, ,10-05-2020,Evening,88,67131
West Bengal, ,10-05-2020,Evening,153,67284
Punjab, ,10-05-2020,Evening,61,67345
Telangana, ,10-05-2020,Evening,33,67378
Jammu And Kashmir, ,10-05-2020,Evening,25,67403
Karnataka, ,10-05-2020,Evening,64,67467
Bihar, ,10-05-2020,Evening,78,67545
Haryana, ,10-05-2020,Evening,28,67573
Kerela, ,10-05-2020,Evening,7,67580
Odisha, ,10-05-2020,Evening,39,67619
Chandigarh, ,10-05-2020,Evening,4,67623
Jharkhand, ,10-05-2020,Evening,4,67627
Tripura, ,10-05-2020,Evening,16,67643
Uttarakhand, ,10-05-2020,Evening,1,67644
Assam, ,10-05-2020,Evening,1,67645
Chhattisgarh, ,10-05-2020,Evening,0,67645
Himachal Pradesh, ,10-05-2020,Evening,6,67651
Ladakh, ,10-05-2020,Evening,0,67651
Andaman And Nicobar, ,10-05-2020,Evening,0,67651
Meghalaya, ,10-05-2020,Evening,0,67651
Pondicherry, ,10-05-2020,Evening,2,67653
Maharashtra, ,11-05-2020,Evening,1230,68883
Gujarat, ,11-05-2020,Evening,347,69230
Tamil Nadu, ,11-05-2020,Evening,798,70028
Delhi, ,11-05-2020,Evening,0,70028
Rajasthan, ,11-05-2020,Evening,138,70166
Madhya Pradesh, ,11-05-2020,Evening,171,70337
Uttar Pradesh, ,11-05-2020,Evening,106,70443
West Bengal, ,11-05-2020,Evening,124,70567
Andhra Pradesh, ,11-05-2020,Evening,0,70567
Punjab, ,11-05-2020,Evening,54,70621
Telangana, ,11-05-2020,Evening,79,70700
Jammu And Kashmir, ,11-05-2020,Evening,18,70718
Karnataka, ,11-05-2020,Evening,4,70722
Bihar, ,11-05-2020,Evening,42,70764
Haryana, ,11-05-2020,Evening,27,70791
Kerela, ,11-05-2020,Evening,7,70798
Odisha, ,11-05-2020,Evening,23,70821
Chandigarh, ,11-05-2020,Evening,8,70829
Jharkhand, ,11-05-2020,Evening,1,70830
Tripura, ,11-05-2020,Evening,1,70831
Assam, ,11-05-2020,Evening,2,70833
Himachal Pradesh, ,11-05-2020,Evening,1,70834
Maharashtra,,12-05-2020,Evening,1026,71860
Gujarat, ,12-05-2020,Evening,362,72222
Tamil Nadu, ,12-05-2020,Evening,716,72938
Delhi, ,12-05-2020,Evening,406,73344
Rajasthan, ,12-05-2020,Evening,177,73521
Madhya Pradesh, ,12-05-2020,Evening,201,73722
Rajasthan, ,12-05-2020,Evening,0,73722
Uttar Pradesh, ,12-05-2020,Evening,91,73813
West Bengal, ,12-05-2020,Evening,110,73923
Andhra Pradesh, ,12-05-2020,Evening,71,73994
Punjab, ,12-05-2020,Evening,37,74031
Telangana, ,12-05-2020,Evening,51,74082
Jammu And Kashmir, ,12-05-2020,Evening,55,74137
Karnataka, ,12-05-2020,Evening,63,74200
Bihar, ,12-05-2020,Evening,130,74330
Haryana, ,12-05-2020,Evening,50,74380
Odisha, ,12-05-2020,Evening,124,74504
Kerela, ,12-05-2020,Evening,5,74509
Chandigarh, ,12-05-2020,Evening,6,74515
Jharkhand, ,12-05-2020,Evening,11,74526
Tripura, ,12-05-2020,Evening,2,74528
Uttarakhand, ,12-05-2020,Evening,1,74529
Himachal Pradesh, ,12-05-2020,Evening,7,74536
Assam, ,12-05-2020,Evening,0,74536
Maharashtra,,13-05-2020,Evening,1495,76031
Gujarat, ,13-05-2020,Evening,363,76394
Tamil Nadu, ,13-05-2020,Evening,509,76903
Delhi, ,13-05-2020,Evening,359,77262
Rajasthan, ,13-05-2020,Evening,115,77377
Madhya Pradesh, ,13-05-2020,Evening,187,77564
Uttar Pradesh, ,13-05-2020,Evening,65,77629
West Bengal, ,13-05-2020,Evening,117,77746
Andhra Pradesh, ,13-05-2020,Evening,48,77794
Punjab, ,13-05-2020,Evening,10,77804
Telangana, ,13-05-2020,Evening,41,77845
Jammu And Kashmir, ,13-05-2020,Evening,37,77882
Karnataka, ,13-05-2020,Evening,34,77916
Bihar, ,13-05-2020,Evening,61,77977
Haryana, ,13-05-2020,Evening,13,77990
Odisha, ,13-05-2020,Evening,0,77990
Kerela, ,13-05-2020,Evening,9,77999
Chandigarh, ,13-05-2020,Evening,0,77999
Jharkhand, ,13-05-2020,Evening,1,78000
Tripura,,13-05-2020,Evening,1,78001
Assam, ,13-05-2020,Evening,15,78016
Uttarakhand, ,13-05-2020,Evening,3,78019
Himachal Pradesh, ,13-05-2020,Evening,0,78019
Ladakh, ,13-05-2020,Evening,1,78020
Pondicherry, ,13-05-2020,Evening,1,78021
Maharashtra, ,14-05-2020,Evening,1602,79623
Tamil Nadu, ,14-05-2020,Evening,447,80070
Gujarat, ,14-05-2020,Evening,325,80395
Delhi, ,14-05-2020,Evening,472,80867
Rajasthan, ,14-05-2020,Evening,261,81128
Madhya Pradesh, ,14-05-2020,Evening,253,81381
Uttar Pradesh, ,14-05-2020,Evening,173,81554
West Bengal, ,14-05-2020,Evening,87,81641
Andhra Pradesh, ,14-05-2020,Evening,170,81811
Punjab, ,14-05-2020,Evening,18,81829
Telangana, ,14-05-2020,Evening,74,81876
Karnataka, ,14-05-2020,Evening,73,81949
Bihar, ,14-05-2020,Evening,65,82014
Jammu And Kashmir, ,14-05-2020,Evening,12,82026
Haryana, ,14-05-2020,Evening,25,82051
Odisha, ,14-05-2020,Evening,134,82185
Kerela, ,14-05-2020,Evening,27,82212
Jharkhand, ,14-05-2020,Evening,30,82242
Chandigarh, ,14-05-2020,Evening,4,82246
Tripura, ,14-05-2020,Evening,1,82247
Assam, ,14-05-2020,Evening,7,82254
Uttarakhand, ,14-05-2020,Evening,6,82260
Himachal Pradesh, ,14-05-2020,Evening,9,82269
Chhattisgarh, ,14-05-2020,Evening,1,82270
Pondicherry, ,14-05-2020,Evening,3,82273
Goa, ,14-05-2020,Evening,8,82281
Manipur, ,14-05-2020,Evening,1,82282
Maharashtra, ,15-05-2020,Evening,1576,83858
Tamil Nadu, ,15-05-2020,Evening,434,84292
Gujarat, ,15-05-2020,Evening,339,84631
Delhi, ,15-05-2020,Evening,425,85056
Rajasthan, ,15-05-2020,Evening,138,85194
Madhya Pradesh, ,15-05-2020,Evening,169,85363
Uttar Pradesh, ,15-05-2020,Evening,155,85518
West Bengal, ,15-05-2020,Evening,84,85602
Andhra Pradesh, ,15-05-2020,Evening,0,85602
Punjab, ,15-05-2020,Evening,-7,85595
Telangana, ,15-05-2020,Evening,40,85635
Karnataka, ,15-05-2020,Evening,24,85659
Bihar, ,15-05-2020,Evening,13,85672
Jammu And Kashmir, ,15-05-2020,Evening,30,85702
Haryana, ,15-05-2020,Evening,0,85702
Odisha, ,15-05-2020,Evening,0,85702
Kerela, ,15-05-2020,Evening,15,85717
Jharkhand, ,15-05-2020,Evening,0,85717
Chandigarh, ,15-05-2020,Evening,0,85717
Tripura, ,15-05-2020,Evening,0,85717
Assam, ,15-05-2020,Evening,3,85720
Uttarakhand, ,15-05-2020,Evening,4,85724
Himachal Pradesh, ,15-05-2020,Evening,1,85725
Chhattisgarh, ,15-05-2020,Evening,6,85731
Ladakh, ,15-05-2020,Evening,0,85731
Maharashtra, ,16-05-2020,Evening,1606,87337
Gujarat, ,16-05-2020,Evening,1057,88394
Tamil Nadu, ,16-05-2020,Evening,477,88871
Delhi, ,16-05-2020,Evening,438,89309
Rajasthan, ,16-05-2020,Evening,233,89542
Madhya Pradesh, ,16-05-2020,Evening,194,89736
Uttar Pradesh, ,16-05-2020,Evening,201,89937
West Bengal, ,16-05-2020,Evening,115,90052
Andhra Pradesh, ,16-05-2020,Evening,48,90100
Punjab, ,16-05-2020,Evening,11,90111
Telangana,,16-05-2020,Evening,55,90166
Bihar, ,16-05-2020,Evening,161,90327
Karnataka,,16-05-2020,Evening,36,90363
Haryana, ,16-05-2020,Evening,69,90432
Odisha, ,16-05-2020,Evening,65,90497
Kerela, ,16-05-2020,Evening,11,90508
Jharkhand, ,16-05-2020,Evening,14,90522
Chandigarh, ,16-05-2020,Evening,0,90522
Tripura, ,16-05-2020,Evening,11,90533
Assam,,16-05-2020,Evening,2,90535
Uttarakhand, ,16-05-2020,Evening,6,90541
Himachal Pradesh, ,16-05-2020,Evening,2,90543
Chhattisgarh, ,16-05-2020,Evening,1,90544
Ladakh, ,16-05-2020,Evening,0,90544
Goa,,16-05-2020,Evening,2,90546
Manipur, ,16-05-2020,Evening,4,90550
Maharashtra, ,17-05-2020,Evening,2347,92897
Gujarat, ,17-05-2020,Evening,392,93289
Tamil Nadu,,17-05-2020,Evening,639,93928
Delhi, ,17-05-2020,Evening,422,94350
Rajasthan, ,17-05-2020,Evening,242,94592
Madhya Pradesh, ,17-05-2020,Evening,188,94780
Uttar Pradesh, ,17-05-2020,Evening,206,94986
West Bengal, ,17-05-2020,Evening,101,95087
Andhra Pradesh, ,17-05-2020,Evening,7,95094
Punjab, ,17-05-2020,Evening,18,95112
Telangana, ,17-05-2020,Evening,42,95154
Bihar, ,17-05-2020,Evening,141,95295
Jammu And Kashmir, ,17-05-2020,Evening,170,95465
Karnataka, ,17-05-2020,Evening,55,95520
Haryana, ,17-05-2020,Evening,23,95543
Odisha, ,17-05-2020,Evening,91,95634
Kerela, ,17-05-2020,Evening,15,95649
Jharkhand, ,17-05-2020,Evening,6,95655
Chandigarh, ,17-05-2020,Evening,0,95655
Tripura, ,17-05-2020,Evening,-3,95652
Assam, ,17-05-2020,Evening,6,95658
Uttarakhand, ,17-05-2020,Evening,4,95662
Himachal Pradesh, ,17-05-2020,Evening,2,95664
Chhattisgarh, ,17-05-2020,Evening,18,95682
Goa, ,17-05-2020,Evening,12,95694
Pondicherry, ,17-05-2020,Evening,1,95695
Telangana, ,17-05-2020,Evening,-27,95668
